"","dfTested.pred"
"1",11.7278914597595
"2",11.9851646408155
"3",12.1184792439
"4",12.2086808631865
"5",12.1913854289749
"6",12.0601667693143
"7",12.1260556231677
"8",12.0335107457775
"9",12.1461814741449
"10",11.6555035359561
"11",12.1423732303804
"12",11.4338130281868
"13",11.5582728736613
"14",11.9815352103031
"15",11.8042355192411
"16",12.8904748423984
"17",12.4879536394029
"18",12.6010273755386
"19",12.5556823912203
"20",13.0505562450903
"21",12.5776268779862
"22",12.3404846346382
"23",12.094234654548
"24",11.987456455984
"25",12.1375314610613
"26",12.1959544441633
"27",12.6451854175084
"28",12.3850979141469
"29",12.1782093855789
"30",12.2518995739609
"31",12.1570234231027
"32",11.2892938844062
"33",12.0715419201965
"34",12.5875723842543
"35",12.5526328137388
"36",12.3145988746477
"37",12.2137525904453
"38",12.0754684429602
"39",12.0850763543394
"40",12.0288157883004
"41",12.0629564327168
"42",12.0185400609872
"43",12.433411383862
"44",12.3353208496182
"45",12.2553228432939
"46",12.1317122909578
"47",12.4237028950287
"48",12.107736736798
"49",12.0439193725404
"50",11.8379963062097
"51",11.8289878126041
"52",12.0240591062727
"53",11.9749279835087
"54",12.1001674997501
"55",12.329776353693
"56",11.889841655668
"57",12.0112728754379
"58",11.8767974986661
"59",12.2042156472373
"60",11.7736336484448
"61",11.792465874246
"62",12.0229416917194
"63",11.6530500068228
"64",11.7381819486787
"65",11.7122415045408
"66",11.6727217106367
"67",11.5708050225622
"68",11.877157195723
"69",11.8592323311966
"70",12.0286229196319
"71",11.6172926253794
"72",11.5759026037599
"73",11.9153209680596
"74",11.6851253914319
"75",11.8863885136638
"76",11.5998877076988
"77",10.9320178441749
"78",11.8962745223752
"79",12.2553768494894
"80",11.5654149929875
"81",11.8055347811269
"82",11.8706141706363
"83",12.2705451720353
"84",11.3069207658383
"85",11.8002892763992
"86",11.8340199166799
"87",11.813961910175
"88",11.9328547777246
"89",11.6071557189869
"90",11.6890485309748
"91",11.6388122756257
"92",11.6419976081174
"93",11.8387574176937
"94",11.7265547880428
"95",12.0938892048609
"96",NA
"97",11.5866345856384
"98",11.4850704507667
"99",11.2572674016383
"100",11.941777022519
"101",11.7558783943917
"102",11.7889199026133
"103",11.6617539454982
"104",11.9370031697412
"105",11.8198403030933
"106",12.4027645076044
"107",11.2323345647569
"108",12.2975669433274
"109",11.5833052691067
"110",11.8415214577889
"111",11.6713569421544
"112",11.8255403053797
"113",12.2526642549291
"114",11.6576046359593
"115",12.2175770399865
"116",12.2189013878985
"117",12.1464026513087
"118",11.7088167305951
"119",11.8812414623845
"120",12.1773521870725
"121",11.9591953833751
"122",11.7166911949952
"123",12.6142198254559
"124",12.3059686594543
"125",11.8690094125466
"126",11.300308341621
"127",11.6805516817707
"128",11.8557081400203
"129",11.3775093521935
"130",11.8613299444655
"131",11.5431828841521
"132",11.6005397350971
"133",11.6448419918687
"134",12.2391181052419
"135",11.5956242821274
"136",12.2893946468842
"137",12.1737939141116
"138",12.2382819905219
"139",11.5838078629604
"140",11.5438902328782
"141",11.2767725326028
"142",11.581615983418
"143",11.2192893561328
"144",12.5828897879279
"145",12.3392150721322
"146",12.0672761258475
"147",12.1963289179377
"148",12.2130218111855
"149",12.1579361772902
"150",12.0022761489314
"151",11.7896935950044
"152",11.9143344709678
"153",11.8465581972394
"154",11.5297091383214
"155",11.4262035051653
"156",11.2676454629977
"157",11.4402367526826
"158",11.7580025887529
"159",11.8091821037764
"160",12.0110150490968
"161",11.7861780551579
"162",11.8186579832692
"163",12.4867898112689
"164",12.1533370106787
"165",11.6719010923891
"166",11.9781914023016
"167",12.1501130426202
"168",12.4531388055334
"169",12.1847074940115
"170",13.0307827012523
"171",12.35215374329
"172",12.4668773079678
"173",12.0784953972599
"174",12.13523345324
"175",12.0918555086892
"176",11.99202145999
"177",12.1256943231674
"178",12.2140889185827
"179",12.1325694010731
"180",12.5458429646309
"181",12.1568112939494
"182",12.3932929970659
"183",12.3171094456304
"184",12.3527938638328
"185",12.1989051065333
"186",11.9137465621992
"187",11.8966344588802
"188",11.780860661587
"189",11.8677488681629
"190",11.6853786734475
"191",11.7017260996463
"192",11.4610120030198
"193",11.5106368134813
"194",11.9018693420774
"195",11.9202220340477
"196",11.8835803017447
"197",11.8901995002763
"198",11.8690982606028
"199",11.8374974069529
"200",11.8791044659947
"201",13.0743431924155
"202",13.0222750617849
"203",12.8916716700064
"204",13.3194284094055
"205",12.6884039695929
"206",12.5609910184764
"207",12.8712086777435
"208",12.7664810579227
"209",12.6323801094122
"210",12.8037673005507
"211",12.4173072153572
"212",12.9829020089293
"213",12.5279512770974
"214",12.4325505948239
"215",12.1923659469438
"216",12.1751454888514
"217",12.3378542400789
"218",13.1532779672483
"219",12.7909817769297
"220",12.8060074336252
"221",12.5781397238853
"222",12.4549125376058
"223",12.1837687387897
"224",12.1108645758863
"225",12.0911906206018
"226",12.0601052736904
"227",12.1134377756027
"228",12.1711082473694
"229",12.1586735590949
"230",12.1712951268955
"231",12.104746783471
"232",12.3436699326028
"233",12.1396008573584
"234",12.1110910353257
"235",12.0861578279757
"236",12.4488510444711
"237",12.1346746307424
"238",12.7912294284718
"239",12.6419444443457
"240",12.428661330057
"241",12.5084620998199
"242",12.464739730354
"243",12.4795782038764
"244",12.5495012489544
"245",12.3626879530468
"246",13.0403404134805
"247",12.2511008093126
"248",12.2376667073631
"249",12.4282272290099
"250",12.313358182125
"251",12.4074856461386
"252",12.4857640455495
"253",12.4834726067903
"254",12.3146943688369
"255",12.2200134978656
"256",12.1480614182433
"257",12.0694699413157
"258",11.9496983575448
"259",12.2056924620306
"260",12.3709694825309
"261",12.0475279792632
"262",11.8170981190159
"263",11.8486418672733
"264",12.1682528186869
"265",12.309207961986
"266",12.0978637985474
"267",11.9408691179433
"268",12.1256686316372
"269",11.9856621967913
"270",12.1488477472521
"271",11.7027076272816
"272",11.6808159457338
"273",11.6473761731313
"274",11.697043691724
"275",11.8276371640492
"276",11.7079488697941
"277",12.7592231928002
"278",12.4236345320859
"279",12.6364276052381
"280",12.315671968109
"281",12.209267487073
"282",12.0659866201518
"283",12.1125526835612
"284",12.6955755374205
"285",12.3127120831347
"286",12.5990047480698
"287",12.2751665233456
"288",12.3674231164263
"289",11.9031620121801
"290",11.8843201554987
"291",12.4067394586223
"292",11.7145616418756
"293",11.9229191803054
"294",12.1499135388288
"295",11.942583243927
"296",11.7088460457857
"297",11.7149757823386
"298",11.8123088554676
"299",12.0781143582853
"300",11.9364303871591
"301",11.8763767869508
"302",12.0565087848192
"303",12.068367373587
"304",11.6367372438337
"305",12.0786197777047
"306",12.0200613806545
"307",12.2142936430885
"308",11.8459934718758
"309",11.9833535624746
"310",11.9087203799281
"311",11.7575389037274
"312",11.8537367050494
"313",11.7303597342596
"314",11.9318023050396
"315",11.8270884341647
"316",11.714464758298
"317",11.568240465553
"318",11.8697498099173
"319",11.8184014437942
"320",11.99129879449
"321",11.7645138500541
"322",11.3624026412186
"323",11.7266382922293
"324",11.5182704992156
"325",11.734600554853
"326",11.5641900650292
"327",12.0536119690346
"328",11.09820638601
"329",11.4672147543903
"330",11.1990593232698
"331",12.223182031302
"332",12.0052486812125
"333",11.7542548679959
"334",11.9416028476131
"335",11.8109489035159
"336",11.843770916723
"337",11.5959510025407
"338",11.7028613779748
"339",11.6608892494968
"340",11.8016331310183
"341",11.7569813285908
"342",11.7928179001239
"343",11.9637199819329
"344",11.8838964144447
"345",11.8304322112805
"346",11.8285745749441
"347",11.7004798910618
"348",11.7355678687297
"349",11.6949115888314
"350",11.7606633333536
"351",11.5237377852681
"352",11.4227493431322
"353",11.746610282296
"354",11.3787137498566
"355",11.0185974561139
"356",11.5446679823635
"357",11.4655230917419
"358",11.9685825242417
"359",11.7547392070274
"360",11.0968643980007
"361",11.6088338199119
"362",11.7510831142085
"363",10.8469932852009
"364",11.9121449425614
"365",11.9406937753299
"366",11.5660403206831
"367",11.5597880288212
"368",11.7664128590802
"369",11.5490123098139
"370",11.7850042473511
"371",12.0783050963308
"372",11.4810277448021
"373",11.900563467791
"374",11.7496944131481
"375",11.7252559329098
"376",11.8158666382903
"377",11.5769942742277
"378",11.7963641034349
"379",11.5827576622374
"380",11.9006613058561
"381",11.8391724956346
"382",11.2962741686987
"383",11.7898319982589
"384",11.8357282282721
"385",11.7886536679451
"386",11.789972686737
"387",12.2884368816296
"388",11.0438516077803
"389",11.7952098761358
"390",11.646537787923
"391",11.9478810502621
"392",11.6865071137445
"393",11.8366551626101
"394",12.0797762844593
"395",12.0432390304272
"396",12.2425062048197
"397",11.7670353641317
"398",12.0520591109795
"399",11.9517607573701
"400",11.8889357832687
"401",11.9414421489341
"402",12.546748262395
"403",12.546748262395
"404",12.546748262395
"405",12.6169121329083
"406",12.5970926966752
"407",12.2913906448968
"408",12.5321058931539
"409",12.2209954125381
"410",12.2712817399953
"411",12.2872609784493
"412",12.0674752192987
"413",12.3010265744825
"414",11.9607945757833
"415",12.2115412129229
"416",12.1655198833057
"417",12.2790032396815
"418",12.1998140634056
"419",11.7266537569182
"420",11.8439756256595
"421",12.3452840155348
"422",12.4286420192976
"423",12.2094918128198
"424",12.255624156004
"425",12.3517573044998
"426",12.4990769456569
"427",12.2268408634274
"428",12.4494261233156
"429",12.0600918437293
"430",11.7145050509809
"431",11.7894241865099
"432",11.5568198902159
"433",11.8192254120043
"434",11.8795835043435
"435",11.8906225427333
"436",11.6994151954792
"437",11.7735395558492
"438",11.7246186152266
"439",12.0589406170349
"440",11.9901828399407
"441",11.9869600807685
"442",11.867321302689
"443",12.3970561974569
"444",11.8980783902463
"445",12.1524649718364
"446",11.8794029189868
"447",12.3248075960405
"448",11.6517774441124
"449",11.7990922127581
"450",11.7367868212452
"451",12.2814606294906
"452",12.844487059055
"453",11.7003438633792
"454",10.9244169734043
"455",12.6577941314265
"456",NA
"457",12.3805194560025
"458",11.8545893125465
"459",12.1090036952149
"460",11.9406780220906
"461",12.8328814626805
"462",12.640668279491
"463",12.5175781964233
"464",12.3112752648172
"465",12.3705961027877
"466",12.8090510093652
"467",11.838580591122
"468",11.8923258624078
"469",11.8003886452667
"470",11.9136017873005
"471",11.769363280594
"472",11.7814528454624
"473",11.9957245844939
"474",12.1361941840783
"475",12.0436101335443
"476",12.1510717165455
"477",12.0973288818833
"478",12.0854766523034
"479",12.4903928998961
"480",12.1719478851847
"481",12.0966952017943
"482",12.1433804852574
"483",12.1681308740951
"484",12.7909433432428
"485",12.8393913014376
"486",11.7482460016604
"487",12.7981617091648
"488",11.9292845244046
"489",12.3226904049895
"490",12.0676859077876
"491",12.339303586622
"492",12.2259330862027
"493",11.9441061360891
"494",12.2269005939645
"495",11.8574625969146
"496",12.4145885239798
"497",11.9393492810405
"498",12.4099950050907
"499",11.949735450784
"500",11.675046006312
"501",11.6872507503523
"502",11.4760890331841
"503",11.5164754673195
"504",11.6414991914128
"505",11.9589178834874
"506",11.9059992506825
"507",12.5241009315449
"508",13.0552377931676
"509",12.8477513337702
"510",13.0513603976108
"511",13.0720743058312
"512",12.8446975785751
"513",12.5330664662366
"514",12.6712440733143
"515",13.1211544419705
"516",12.4220685769297
"517",12.6736669903725
"518",12.6960022679947
"519",12.767854317549
"520",12.2238934815964
"521",12.77584513812
"522",12.390172819283
"523",12.3294212565622
"524",12.1874999381329
"525",12.3200641546151
"526",12.2486765895786
"527",11.9905570607899
"528",12.1041781864629
"529",12.1832628388986
"530",12.2594173296763
"531",12.3863710428457
"532",12.2570220346205
"533",12.0844709434347
"534",12.3936741679406
"535",12.1321642862504
"536",12.4987413170755
"537",12.6962319338447
"538",12.6626505518364
"539",12.4557145498501
"540",12.6593788333708
"541",12.3182713520228
"542",12.3960128457939
"543",12.4502168611295
"544",12.4848276233081
"545",12.3942235730616
"546",12.291622120352
"547",12.4029779349271
"548",12.2183837551457
"549",12.0954990731574
"550",12.1549625426604
"551",11.9393681828055
"552",12.050816709737
"553",12.0125830538851
"554",12.0588893585704
"555",12.1598911137557
"556",12.0700683695864
"557",12.1657697041165
"558",11.6998910511331
"559",11.8130310698866
"560",11.572944469968
"561",11.6256483288131
"562",12.0487721475065
"563",11.8671106396079
"564",12.5291856045945
"565",12.7798548879156
"566",12.1251660963632
"567",12.0202281131212
"568",12.1334287312203
"569",12.0394028402019
"570",12.5190005781759
"571",12.3626352132143
"572",12.465885273461
"573",12.4804025598379
"574",12.0990458974627
"575",12.2311131903523
"576",12.2599925667536
"577",12.2804609269939
"578",12.8068189418447
"579",12.3735793167011
"580",12.7878210865167
"581",12.701881220498
"582",12.2093669221907
"583",12.0068212241341
"584",12.0645546507878
"585",12.1673155790551
"586",11.9902874870204
"587",11.8946194100562
"588",11.7856684107056
"589",11.9520384728337
"590",12.0307690475756
"591",11.7111191653592
"592",11.6944366740991
"593",11.8558194227445
"594",11.5092830513426
"595",11.9810475375056
"596",11.9960176861327
"597",11.6728664416733
"598",12.1853378261651
"599",11.7051590471457
"600",12.0322901666379
"601",12.0418128495234
"602",11.7289423409146
"603",11.6679469746049
"604",11.8060130456645
"605",11.5451247586027
"606",12.0512708675771
"607",11.9962068821383
"608",11.9599746101042
"609",11.4491604170882
"610",11.6700479928334
"611",11.4431372318997
"612",11.6825800854816
"613",11.8328847366732
"614",12.0067574671844
"615",11.8238742583884
"616",11.6918650886886
"617",11.9169044446918
"618",11.7258185904234
"619",11.7848076238233
"620",11.7636021251207
"621",11.7747248920417
"622",11.8579075184275
"623",11.9085134889318
"624",11.6510343989454
"625",11.703120897212
"626",11.779858519327
"627",11.7207041404687
"628",11.3840275420495
"629",11.3333930536179
"630",11.7633170878214
"631",11.5164779360648
"632",11.6929941607957
"633",11.6654762433688
"634",11.7076315702834
"635",11.7815862735395
"636",11.3682129559973
"637",11.5886976419879
"638",11.7290631770203
"639",10.9559268963649
"640",11.5041006520858
"641",11.4519348496843
"642",11.8615789044563
"643",11.5024261847719
"644",11.917549084546
"645",11.8244854772772
"646",10.9185550789678
"647",12.075279904477
"648",11.5765000249371
"649",11.5822121586979
"650",11.8259052780046
"651",12.2322363319804
"652",11.8653800528562
"653",11.7619027747109
"654",11.8741946708564
"655",12.0595159601537
"656",11.5852994167576
"657",11.9136382547945
"658",11.7885856706111
"659",11.7583527856941
"660",11.6036308708703
"661",NA
"662",11.4632249766595
"663",11.4803110640185
"664",12.1853611660079
"665",11.7631857509925
"666",11.943470666594
"667",11.966521154528
"668",11.8006394767677
"669",11.5227818736174
"670",11.8017701107178
"671",11.7290559087717
"672",11.6287791554799
"673",11.6743132233646
"674",11.6563919967093
"675",11.5836922336569
"676",11.3176064651616
"677",11.558208586318
"678",11.8137806044389
"679",11.829332577863
"680",11.8326081216706
"681",11.9812786365724
"682",11.7003960342154
"683",11.839115192645
"684",11.6055716679341
"685",11.8473420251428
"686",11.9719804781118
"687",12.0509095792033
"688",11.8507976285424
"689",11.8543005364688
"690",12.3062862970695
"691",11.6364313271079
"692",11.845634113273
"693",11.9401273791793
"694",11.5835187845438
"695",11.8926063462482
"696",12.4100022244889
"697",12.3091256982901
"698",12.3436822070754
"699",12.335697961892
"700",12.1133570868391
"701",12.343554361773
"702",12.8896520880749
"703",12.646599444638
"704",12.3252705582072
"705",12.2655441884221
"706",11.9583556444332
"707",12.241795665163
"708",12.1863217777408
"709",12.2096764517015
"710",12.2840976230979
"711",11.9151084389971
"712",11.8263268237933
"713",12.0702890248729
"714",12.3800739825831
"715",12.5418610292976
"716",12.4957851404525
"717",12.4132618877351
"718",12.2721000628707
"719",11.8741893604637
"720",12.2772108464999
"721",12.199000447133
"722",12.3146586851319
"723",12.1843064370802
"724",11.7233664398397
"725",11.7746969861655
"726",11.9353296666813
"727",11.8753324159815
"728",11.944591038221
"729",13.22252484263
"730",11.583613178214
"731",11.583613178214
"732",11.4110110007387
"733",11.6961328339073
"734",11.828077936035
"735",11.5677671291656
"736",11.7290254120324
"737",11.6466301851179
"738",11.9543855877353
"739",12.0741640107762
"740",11.8958242973792
"741",11.8389025311111
"742",12.2630721708741
"743",11.8149200669391
"744",12.1528386543956
"745",11.7710002091078
"746",11.768049993013
"747",12.261208743726
"748",12.5120824815265
"749",12.2087769698719
"750",11.6788274099954
"751",11.7028142336019
"752",11.7167324204793
"753",11.6490203943524
"754",11.8269288435836
"755",11.6178868455705
"756",11.8505708149042
"757",NA
"758",11.2376035060479
"759",11.1229915425185
"760",11.0628449386646
"761",12.6577941314265
"762",12.5900415991739
"763",12.3959158496546
"764",12.156498796117
"765",11.9804098787145
"766",11.9817348295726
"767",12.320202246346
"768",12.4388323110723
"769",12.4340224398437
"770",11.9976509327127
"771",12.2339099175347
"772",12.0839651302703
"773",12.0787330311292
"774",12.3884529574988
"775",12.3093765555996
"776",12.503093060509
"777",12.6687118855401
"778",12.1632008725902
"779",11.757068928464
"780",11.9751311375566
"781",11.7338030439729
"782",11.6102841991342
"783",11.781668187765
"784",11.4740110512315
"785",11.4254942484647
"786",11.8722942296652
"787",11.5997861093119
"788",11.7542721777569
"789",11.7511352505924
"790",11.7460584913197
"791",NA
"792",12.0754699300133
"793",12.0305708463714
"794",12.148398288743
"795",12.1905708196695
"796",12.1252100828631
"797",12.2834701699267
"798",12.0183490570055
"799",12.0760007496093
"800",11.895000004171
"801",12.0572816078726
"802",12.2239740703917
"803",12.8741892327702
"804",12.9742757380731
"805",12.053447712507
"806",12.7252855162937
"807",12.9246136645948
"808",13.0107742715912
"809",11.9356476735878
"810",12.0702942032942
"811",12.2338370167428
"812",12.04211653052
"813",12.0099567056185
"814",11.9923026547918
"815",11.8408414764367
"816",12.0790735474922
"817",12.1541491265648
"818",11.9769586632728
"819",11.7915257075228
"820",11.6894569448294
"821",12.0310254931078
"822",12.0797356139007
"823",11.5472496328395
"824",11.6187769063735
"825",11.9669361641692
"826",11.7654980111556
"827",12.7533409855996
"828",12.4667299555495
"829",12.8024988752589
"830",13.0575808536987
"831",12.7184276868655
"832",12.954810497841
"833",13.1179113260418
"834",12.9072224969629
"835",13.1175931283122
"836",12.6282624307509
"837",12.6581900935458
"838",12.6874218946618
"839",12.8440806151485
"840",12.5984934082532
"841",12.5637492438837
"842",12.4070725993386
"843",12.4593625536793
"844",12.4785260479251
"845",12.1990575506973
"846",12.2111783004372
"847",12.188477310741
"848",12.4131868334238
"849",12.6077611512538
"850",12.3223090849418
"851",12.2576757493989
"852",12.0774553792046
"853",12.1064260228538
"854",12.0736191188139
"855",12.0957932497876
"856",12.1577692750301
"857",12.1628715315785
"858",12.1041495140146
"859",12.1191866077441
"860",12.1568173154671
"861",12.4673243214591
"862",11.9910687726404
"863",12.1185719633292
"864",12.1276279216397
"865",12.2364595797588
"866",12.1166399177156
"867",12.2492603800526
"868",12.302996753734
"869",12.1615546388503
"870",12.1089816699932
"871",12.7557617626591
"872",12.935028494794
"873",12.7217704340914
"874",12.4969808789035
"875",12.448949884002
"876",12.6865515902491
"877",12.2941922270094
"878",12.4808128268775
"879",12.3770488981715
"880",12.8907273946535
"881",12.3617019060636
"882",12.4194105285077
"883",12.3317037370648
"884",12.3720717142431
"885",12.450301733722
"886",12.277522855307
"887",12.1847038701069
"888",12.3930645456097
"889",12.0343648690102
"890",12.5164594794844
"891",12.4368260262731
"892",12.3996110740651
"893",12.3817292035866
"894",11.9065688966347
"895",12.0662692040339
"896",11.8328314042266
"897",12.1770421111436
"898",12.0957781415068
"899",11.7961820166988
"900",11.6794129408027
"901",11.8576644936326
"902",12.5547347183148
"903",11.7489585552908
"904",11.9495214596442
"905",12.3147141478996
"906",12.1937901400713
"907",12.3606219958057
"908",12.2606717900225
"909",12.3728709365
"910",12.0276816142574
"911",12.0782621798309
"912",12.102481739147
"913",12.4777185537695
"914",12.5083553890147
"915",12.487659142951
"916",12.7471424192825
"917",12.8597037935181
"918",11.8762321863101
"919",12.3340637981571
"920",11.8892769821059
"921",11.9337353329685
"922",12.1839338551118
"923",12.1741729296373
"924",12.3213570742088
"925",11.9054830159762
"926",11.7836031249971
"927",11.8396971024994
"928",11.6858324923071
"929",11.7482792615937
"930",11.782479996724
"931",11.7839370902231
"932",11.7007943070184
"933",11.9383297865795
"934",11.7636917802309
"935",12.1497059624578
"936",11.9167681366547
"937",12.2037082092392
"938",11.6664432143344
"939",11.082138113501
"940",11.0761104989078
"941",11.7901344346266
"942",11.7672003212462
"943",11.8969064961415
"944",11.9077753915249
"945",11.8429544302467
"946",11.8443530991659
"947",11.7098077990268
"948",11.8236471900002
"949",11.7025408628783
"950",12.1023827780854
"951",11.6414161772286
"952",11.9107539445442
"953",11.7335276154747
"954",12.0431348890966
"955",11.8594121902608
"956",11.7224075731066
"957",11.8552952052091
"958",11.833552460502
"959",11.6420091249063
"960",11.6560183619916
"961",11.9875566820507
"962",11.5735876403639
"963",11.5983224126197
"964",11.7678939261105
"965",12.2018710483271
"966",11.6488086236902
"967",11.7992968237509
"968",12.0042562734579
"969",11.7139981354305
"970",11.8217454275192
"971",11.6913244922863
"972",11.8246503042897
"973",11.8000238228846
"974",11.822481116572
"975",11.8871355505797
"976",11.736639659666
"977",11.64020261315
"978",11.6850586559866
"979",11.5657665715977
"980",11.6876160297296
"981",11.3856617630363
"982",11.4968423818632
"983",11.7050199737153
"984",11.5994749403874
"985",11.3392876303419
"986",11.7463496865591
"987",12.0139238718179
"988",11.8346374065356
"989",11.5586652811124
"990",11.8546210535637
"991",11.7165991394936
"992",12.1215665396561
"993",11.5827944071213
"994",11.8079379558414
"995",11.6522613357798
"996",11.7872756799934
"997",11.7001794245759
"998",11.7917991761092
"999",11.5932633712357
"1000",11.8035444512012
"1001",11.781094298204
"1002",11.7381112307777
"1003",11.6884291045598
"1004",12.0553829439099
"1005",11.9281356834123
"1006",11.7025931010827
"1007",11.706303480633
"1008",11.3205065776347
"1009",11.2623482682308
"1010",12.1368668800524
"1011",12.178178846116
"1012",11.9399154326389
"1013",11.6862756406675
"1014",11.3642594973124
"1015",12.2654374523342
"1016",11.6369789830432
"1017",11.7166821913763
"1018",11.8852144102205
"1019",11.5420113204411
"1020",11.8610334907709
"1021",11.6941592391852
"1022",11.7262273696122
"1023",11.6527686376406
"1024",11.6802191087679
"1025",11.7900967775593
"1026",11.8475439662677
"1027",12.0665302617049
"1028",11.9721759423577
"1029",11.8985958113017
"1030",11.8262275116287
"1031",11.5940538547986
"1032",12.2243938974852
"1033",11.9068689352982
"1034",11.9191836783431
"1035",11.5510791914109
"1036",12.6489631294378
"1037",11.9431019229149
"1038",11.6267958383332
"1039",11.5260734151626
"1040",11.8602038007463
"1041",11.8018611015737
"1042",11.7363261996434
"1043",11.3843980421358
"1044",12.0209741553605
"1045",12.2810483205528
"1046",12.3583699610986
"1047",12.5716748322635
"1048",12.3583699610986
"1049",12.2445310223166
"1050",12.2956700990076
"1051",12.1339995839261
"1052",12.2509445046542
"1053",12.240578047638
"1054",12.8067534339053
"1055",11.8612538937332
"1056",12.0714035999849
"1057",11.9360357272292
"1058",11.9292532207742
"1059",12.2754888119238
"1060",12.2146191145925
"1061",12.1948568721049
"1062",12.3096179981604
"1063",11.7028667931547
"1064",11.7530884648509
"1065",11.8687132598049
"1066",11.7935309314314
"1067",11.663570815887
"1068",11.7575839931522
"1069",11.7681825633273
"1070",11.808618019512
"1071",12.367994812957
"1072",12.339465993186
"1073",12.2131176153634
"1074",12.3247008252682
"1075",12.6326895060796
"1076",12.3752297391142
"1077",12.2821652249958
"1078",12.1594932393321
"1079",12.1563420500249
"1080",12.1022257216058
"1081",12.1575835435288
"1082",12.0447272289372
"1083",11.690225820791
"1084",11.7358396968333
"1085",11.6114986670731
"1086",11.7836391016383
"1087",11.8430448837903
"1088",12.1970690907332
"1089",11.9577081825529
"1090",14.0973791799976
"1091",11.8110068151771
"1092",11.7204047498871
"1093",11.4469562705794
"1094",11.5733771972717
"1095",11.6045027139243
"1096",11.4945333063985
"1097",11.5426640558376
"1098",11.9875846856366
"1099",11.9113153328241
"1100",11.9312988204464
"1101",11.9798639382889
"1102",11.8756890715891
"1103",12.0033241860197
"1104",12.1664891210215
"1105",11.9457798508613
"1106",11.9956325712079
"1107",11.8340247617747
"1108",12.1274597418223
"1109",12.1232042805254
"1110",11.6822641171438
"1111",12.0213288656424
"1112",11.5300541067424
"1113",12.1956762919573
"1114",12.885790144543
"1115",11.7487673743782
"1116",11.7716865427041
"1117",11.856958350281
"1118",11.5438504856515
"1119",11.273375188008
"1120",11.3809794493452
"1121",11.3299553337713
"1122",11.4848804838166
"1123",12.5916159830335
"1124",12.0695295477282
"1125",11.9364137606453
"1126",12.220871192786
"1127",12.1706426147336
"1128",11.9449887824608
"1129",11.904289376893
"1130",12.3113599768176
"1131",12.6077875839029
"1132",12.3348961591758
"1133",12.4790849759897
"1134",12.1994192143781
"1135",12.2758902964854
"1136",12.5969078475093
"1137",12.1074034054657
"1138",12.5527771301445
"1139",12.7094434181248
"1140",12.0236769517894
"1141",11.905827926839
"1142",11.3400990527034
"1143",11.2979622077531
"1144",11.3930593606052
"1145",11.3806157293275
"1146",11.7880679982863
"1147",12.0591535781189
"1148",12.1729488884614
"1149",11.924957005285
"1150",11.7506117007613
"1151",11.6800385941381
"1152",11.914165320937
"1153",11.7588544124147
"1154",11.7354386176176
"1155",11.8680369284637
"1156",11.8206492937303
"1157",12.0725039651273
"1158",12.0591956625529
"1159",12.156544851398
"1160",12.1001899060965
"1161",12.0750663964964
"1162",12.1124059678677
"1163",12.3485407188037
"1164",12.4416220240544
"1165",12.7112948599257
"1166",12.0568499821633
"1167",12.0321922772903
"1168",13.0592385304233
"1169",13.2246609615091
"1170",12.8105273030354
"1171",13.1699914821153
"1172",12.9641674349455
"1173",12.7149305859282
"1174",12.940955138795
"1175",11.9442799318099
"1176",12.0359752643268
"1177",11.8869217956238
"1178",12.4711059299352
"1179",12.1552405751952
"1180",11.8987803613957
"1181",11.5904287721515
"1182",12.1324347070009
"1183",11.4756738427626
"1184",11.7654289326408
"1185",11.5630365087908
"1186",11.4422356755849
"1187",11.4939282769187
"1188",11.8301093965578
"1189",11.9901987842162
"1190",11.9781625639066
"1191",11.8663562353351
"1192",12.9907750848099
"1193",12.3830395993596
"1194",12.398030168948
"1195",12.7712981650861
"1196",12.6830059413298
"1197",12.8119555006836
"1198",12.617054015277
"1199",12.5972835695383
"1200",12.7544594670545
"1201",12.6579541918226
"1202",12.7006802994181
"1203",12.5381212118258
"1204",12.5756002025709
"1205",12.6905936220411
"1206",12.5746175563758
"1207",12.0799296711112
"1208",12.1259262901187
"1209",12.0991859117681
"1210",12.4241594256573
"1211",12.1259262901187
"1212",12.1169278505287
"1213",12.390231356777
"1214",12.2355438152054
"1215",12.0292858633356
"1216",12.1599983766821
"1217",12.239179783396
"1218",12.3952234616186
"1219",12.4993201166226
"1220",12.5899265708364
"1221",12.9660079547975
"1222",12.6756294820419
"1223",13.1498221773331
"1224",12.5953528734158
"1225",12.7711982564226
"1226",12.4502791361709
"1227",12.5700207397253
"1228",12.3623868124011
"1229",12.2405707395712
"1230",13.001788051425
"1231",12.1623058477235
"1232",11.9487915584948
"1233",12.1375726973345
"1234",11.9426714631388
"1235",12.175551515978
"1236",12.1443590926745
"1237",12.0504626273677
"1238",12.0756314759348
"1239",12.0337590181419
"1240",11.9196177556762
"1241",11.9101073644426
"1242",11.5896529679614
"1243",11.701787711015
"1244",11.8430146482502
"1245",11.6838540466319
"1246",11.7046965619633
"1247",11.6755041316923
"1248",11.7864541324852
"1249",11.5999982330068
"1250",11.731271485721
"1251",12.6268211999481
"1252",12.7404040681257
"1253",12.1089521017413
"1254",12.0366447719002
"1255",12.0602332723922
"1256",12.0005067503985
"1257",12.1476336384973
"1258",12.287157573526
"1259",11.9291730062457
"1260",11.9579007472102
"1261",11.7518116015862
"1262",11.9544183932258
"1263",11.8930501692587
"1264",11.7436442031213
"1265",11.7473429278451
"1266",11.8988377592432
"1267",12.1715102429172
"1268",12.0847476784684
"1269",11.8441793742345
"1270",11.8873762462565
"1271",11.7096251352502
"1272",11.718684921678
"1273",11.9500729534422
"1274",11.9269796731499
"1275",11.7826811783312
"1276",11.9008217008757
"1277",11.6822947949934
"1278",11.9026399610472
"1279",11.8734355810609
"1280",11.8032823593978
"1281",11.8645371272999
"1282",11.9231122554609
"1283",11.9192930196768
"1284",11.841904545098
"1285",11.923043920244
"1286",11.7159566261233
"1287",12.0883417621357
"1288",11.8673781835344
"1289",11.6686879919685
"1290",11.8021868486849
"1291",11.6693465173647
"1292",12.0435642571912
"1293",11.8461538456195
"1294",12.0470682177719
"1295",11.7973987172905
"1296",11.4340308932089
"1297",11.1197942195886
"1298",11.3359363487455
"1299",11.8743947602654
"1300",11.5721853453371
"1301",11.8082976107752
"1302",11.8648596005337
"1303",12.1510083148853
"1304",12.0570693272107
"1305",12.4743171571964
"1306",11.8259462090335
"1307",11.4523265655499
"1308",11.8653305688546
"1309",11.7178655898588
"1310",11.8716223685319
"1311",11.6825112270256
"1312",11.7334537483417
"1313",11.8502020506018
"1314",11.8089558383812
"1315",11.5018195803431
"1316",11.8040167465089
"1317",11.7811377847102
"1318",11.641800929495
"1319",11.5120048133083
"1320",11.4685913269267
"1321",11.5092955621575
"1322",11.4278848296808
"1323",11.3334307035311
"1324",11.6729172967537
"1325",11.7502873907916
"1326",11.1414041450975
"1327",11.789282428984
"1328",11.1606175595348
"1329",11.9612768762885
"1330",11.4690386890096
"1331",11.5408349832691
"1332",10.8707349842228
"1333",11.9701264179781
"1334",11.2725969342948
"1335",11.6998972208493
"1336",11.5327775554445
"1337",12.1193929823222
"1338",11.5537019098763
"1339",11.7196318305273
"1340",11.3321703143166
"1341",11.6334780377003
"1342",11.7751103656258
"1343",12.0678693993037
"1344",11.9784115686974
"1345",11.5861246686506
"1346",11.4485154428729
"1347",11.937156444032
"1348",11.786596863092
"1349",11.8102464787272
"1350",11.7811841754703
"1351",11.9705416044723
"1352",11.8747906332148
"1353",12.0187200625487
"1354",12.0473049770526
"1355",11.328711494277
"1356",12.462285141856
"1357",11.8601894647819
"1358",11.742514891599
"1359",12.2592590635465
"1360",11.7939167352868
"1361",11.4618869344762
"1362",11.9847712697788
"1363",12.6082495998474
"1364",11.9612460322911
"1365",11.9326867518963
"1366",11.7899367444919
"1367",11.8717678382087
"1368",12.3774476007197
"1369",12.2464427403166
"1370",12.3274349861044
"1371",12.1385475590699
"1372",12.4233244935481
"1373",12.495979455594
"1374",12.2631234835666
"1375",12.2740598785976
"1376",12.1856100759336
"1377",12.0937471948851
"1378",11.9383804366532
"1379",12.0415336818916
"1380",12.1888402992878
"1381",12.2381831977168
"1382",12.2864305934583
"1383",11.9498071914313
"1384",12.0332978268232
"1385",11.8058053513257
"1386",12.2617838705931
"1387",12.1580846743758
"1388",12.3042003986897
"1389",12.2627634719729
"1390",12.4837913563522
"1391",12.2893413765864
"1392",12.3324293714562
"1393",12.3063925038293
"1394",11.8723352280241
"1395",12.2434830359579
"1396",12.2377815001615
"1397",12.1896193981535
"1398",12.2336889291007
"1399",11.5293938689497
"1400",11.791119845779
"1401",11.738621467401
"1402",12.1225378098561
"1403",11.8968523155494
"1404",12.326297479348
"1405",11.7894241865099
"1406",11.938957474456
"1407",11.5475437630299
"1408",11.4441765716986
"1409",11.5214704217931
"1410",11.773689267541
"1411",11.2401534155945
"1412",10.9033729159739
"1413",11.480510974717
"1414",11.7787479449264
"1415",11.8087234378365
"1416",11.9481996016104
"1417",11.8592232709546
"1418",12.1766726849385
"1419",11.7685631653251
"1420",11.5295254152119
"1421",11.9429966095464
"1422",12.0707284518179
"1423",12.1797531288586
"1424",12.1773366642665
"1425",12.1602852935464
"1426",12.2865043307972
"1427",11.4913457803399
"1428",11.7454496782463
"1429",11.2149526776339
"1430",11.3499584770425
"1431",11.7838142666626
"1432",10.9703646452542
"1433",11.2990712191497
"1434",10.9530052748727
"1435",12.7253942414626
"1436",12.5970060269542
"1437",12.0925670200196
"1438",12.0404712425599
"1439",12.2164686508776
"1440",11.9544536600011
"1441",12.0851529354033
"1442",12.2085819427031
"1443",12.6413432304871
"1444",12.7329131055143
"1445",NA
"1446",12.1737184662325
"1447",11.6762582404245
"1448",11.7521527672399
"1449",11.942723390236
"1450",11.2639081839068
"1451",11.3400990527034
"1452",11.8682150160371
"1453",11.346316326093
"1454",11.3161622657645
"1455",11.413195871298
"1456",11.334786832438
"1457",11.9374939784824
"1458",11.7191553528149
"1459",12.2403501568575
